Specimen ID,Specimen,Sample,Sample ID,Run Time,All Abs. Count,All Count,E4 Abs. Count
23,T0__Death__61920,unstained_GTA,3092,6/19/2020 3:49:07 PM,2.75,55,0.05
23,T0__Death__61920,n1,3093,6/19/2020 3:50:18 PM,592,19464,0.394
23,T0__Death__61920,n2,3094,6/19/2020 3:52:37 PM,635,12691,2.4
23,T0__Death__61920,n3,3095,6/19/2020 3:53:48 PM,757,15090,0.25
23,T0__Death__61920,n4,3096,6/19/2020 3:55:44 PM,1047,20877,0.75
23,T0__Death__61920,g1_unstained?,3097,6/19/2020 3:57:02 PM,4770,76453,484
23,T0__Death__61920,unstained_GTA(1),3104,6/19/2020 3:58:13 PM,313,6141,15.2
23,T0__Death__61920,unstained_GTA(2),3131,6/19/2020 3:59:27 PM,33.6,671,0.9
23,T0__Death__61920,g1 1:100(1),3130,6/19/2020 4:00:36 PM,41.8,823,3.1
23,T0__Death__61920,s1 1:100,3101,6/19/2020 4:04:52 PM,45.7,913,0.25
23,T0__Death__61920,g2 1:100,3136,6/19/2020 4:11:01 PM,50.6,1012,0.45
23,T0__Death__61920,g3 1:100,3137,6/19/2020 4:12:18 PM,45.7,913,7.5
23,T0__Death__61920,g4 1:100,3138,6/19/2020 4:13:33 PM,67.1,1342,8.95
23,T0__Death__61920,s2 1:100,3132,,0,0,0
23,T0__Death__61920,s3 1:100,3103,,0,0,0
23,T0__Death__61920,s4 1:100,3133,,0,0,0
23,T0__Death__61920,g1 1:10,3135,6/19/2020 4:14:43 PM,257,5125,45.3
23,T0__Death__61920,g2 1:10,3098,6/19/2020 4:15:53 PM,367,7333,40
23,T0__Death__61920,g3 1:10,3099,6/19/2020 4:18:34 PM,276,5516,58.5
23,T0__Death__61920,g4 1:10,3100,6/19/2020 4:17:02 PM,471,9402,70
23,T0__Death__61920,g1,3134,,0,0,0
23,T0__Death__61920,g2,3139,,0,0,0
23,T0__Death__61920,s1 1:10,3140,6/19/2020 4:19:49 PM,217,4332,6.25
23,T0__Death__61920,s1,3143,6/19/2020 4:21:01 PM,2188,43455,55.5
23,T0__Death__61920,s2,3144,6/19/2020 4:22:22 PM,3415,67616,61.7
23,T0__Death__61920,s2 1:2,3102,6/19/2020 4:25:00 PM,1903,37829,46.2
23,T0__Death__61920,s3 1:2,3141,6/19/2020 4:26:16 PM,906,18064,29
23,T0__Death__61920,s4 1:2,3142,6/19/2020 4:27:31 PM,1431,28504,33.9
23,T0__Death__61920,g5 1:10,3145,6/19/2020 4:28:47 PM,284,5683,39.9
23,T0__Death__61920,g6 1:10,3146,6/19/2020 4:29:58 PM,237,4739,48.7
23,T0__Death__61920,s5,3147,6/19/2020 4:34:47 PM,2600,51554,70.3
23,T0__Death__61920,s6,3148,,0,0,0
23,T0__Death__61920,s5 1:2,3149,6/19/2020 4:36:13 PM,1327,26412,40.7
23,T0__Death__61920,s6 1:2,3150,6/19/2020 4:37:23 PM,1285,25584,33.7
23,T0__Death__61920,1%buffered GTA stained,3151,6/24/2020 3:57:33 PM,7.7,154,0.25
23,T0__Death__61920,DG fixed and stained 1:100,3152,6/24/2020 4:08:18 PM,1519,30240,710
23,T0__Death__61920,DS fixed and stained 1:20,3153,6/24/2020 4:13:02 PM,1456,28971,160
23,T0__Death__61920,GTA,3154,6/24/2020 4:03:22 PM,336,6702,95.5
24,T1______7_1_20,unstained_GTA,3155,7/1/2020 3:56:51 PM,2.75,53,0.1
24,T1______7_1_20,n4,3159,7/1/2020 3:58:06 PM,110,2192,0.25
24,T1______7_1_20,n3,3158,7/1/2020 3:59:15 PM,148,2951,0.25
24,T1______7_1_20,n2,3157,7/1/2020 4:00:30 PM,285,5686,1.15
24,T1______7_1_20,n1,3156,7/1/2020 4:01:52 PM,477,18341,0.441
24,T1______7_1_20,36 1:10,3164,7/1/2020 4:03:54 PM,988,19705,3.6
24,T1______7_1_20,36 1:10(1),3193,7/1/2020 4:05:23 PM,1030,40287,4
24,T1______7_1_20,36,3163,7/1/2020 4:07:18 PM,10348,199341,37.7
24,T1______7_1_20,unstained_GTA(1),3192,7/1/2020 4:08:29 PM,226,4512,0.6
24,T1______7_1_20,35 1:10,3166,7/1/2020 4:09:38 PM,287,5721,4.5
24,T1______7_1_20,35,3165,7/1/2020 4:10:47 PM,1522,30313,35.1
24,T1______7_1_20,34 1:10,3168,7/1/2020 4:12:01 PM,596,11908,1.75
24,T1______7_1_20,34 1:10(2),3218,7/1/2020 4:13:50 PM,635,40014,5.08
24,T1______7_1_20,34,3167,,0,0,0
24,T1______7_1_20,33 1:10,3170,7/1/2020 4:16:15 PM,229,1527,0.15
24,T1______7_1_20,33,3169,7/1/2020 4:17:10 PM,2003,39794,29.4
24,T1______7_1_20,32 1:10,3172,7/1/2020 4:18:19 PM,420,8394,8.05
24,T1______7_1_20,32,3171,7/1/2020 4:19:31 PM,4305,84937,63.4
24,T1______7_1_20,32 1:2,3219,7/1/2020 4:21:20 PM,2010,39920,36.1
24,T1______7_1_20,31 1:10,3173,7/1/2020 4:22:28 PM,487,9730,7.55
24,T1______7_1_20,31 1:2,3220,7/1/2020 4:23:38 PM,1528,30415,47.2
24,T1______7_1_20,31,3174,,0,0,0
24,T1______7_1_20,30 1:10,3175,7/1/2020 4:24:48 PM,546,10901,4.2
24,T1______7_1_20,30 1:2,3221,7/1/2020 4:26:06 PM,2455,48695,40.4
24,T1______7_1_20,30,3176,,0,0,0
24,T1______7_1_20,29 1:10,3177,7/1/2020 4:27:16 PM,631,12603,9.55
24,T1______7_1_20,29 1:5,3222,7/1/2020 4:29:34 PM,1156,23024,12.3
24,T1______7_1_20,29 1:5(1),3223,7/1/2020 4:30:52 PM,1138,44584,12.8
24,T1______7_1_20,29,3178,,0,0,0
24,T1______7_1_20,28 1:10,3179,7/1/2020 4:32:32 PM,344,6879,26
24,T1______7_1_20,28,3180,,0,0,0
24,T1______7_1_20,27 1:10,3181,7/1/2020 4:33:43 PM,965,19238,28.1
24,T1______7_1_20,27,3182,,0,0,0
24,T1______7_1_20,26 1:10,3183,7/1/2020 4:35:08 PM,207,4141,4.95
24,T1______7_1_20,26,3184,7/1/2020 4:36:34 PM,1297,25831,38.4
24,T1______7_1_20,25 1:10,3185,7/1/2020 4:37:46 PM,295,5894,1.7
24,T1______7_1_20,25 1:2,3224,7/1/2020 4:39:01 PM,1338,26635,20.9
24,T1______7_1_20,25,3186,,0,0,0
24,T1______7_1_20,24 1:10,3187,7/1/2020 4:40:20 PM,1395,27766,12.4
24,T1______7_1_20,24 1:20,3249,7/1/2020 4:41:48 PM,682,26771,8.44
24,T1______7_1_20,24,3188,,0,0,0
24,T1______7_1_20,23 1:10,3194,7/1/2020 4:43:26 PM,319,6371,37.9
24,T1______7_1_20,23,3195,,0,0,0
24,T1______7_1_20,22 1:10,3196,7/1/2020 4:44:40 PM,990,19726,26.5
24,T1______7_1_20,22,3197,,0,0,0
24,T1______7_1_20,21 1:10,3198,7/1/2020 4:46:14 PM,557,11123,0.7
24,T1______7_1_20,21 1:5,3250,7/1/2020 4:48:12 PM,1230,24511,7.05
24,T1______7_1_20,21 1:5(1),3251,7/1/2020 4:49:21 PM,1402,83789,6.8
24,T1______7_1_20,21,3199,,0,0,0
24,T1______7_1_20,20 1:10,3200,7/1/2020 4:51:44 PM,3164,62676,43.1
24,T1______7_1_20,20 1:20,3252,7/1/2020 4:53:00 PM,1564,31135,24.7
24,T1______7_1_20,20,3201,,0,0,0
24,T1______7_1_20,19 1:10,3202,7/1/2020 4:54:10 PM,5778,113538,7.25
24,T1______7_1_20,19 1:50,3253,7/1/2020 4:56:07 PM,1079,21501,3.4
24,T1______7_1_20,19 1:50(1),3254,7/1/2020 4:57:19 PM,956,57215,2.13
24,T1______7_1_20,19,3203,,0,0,0
24,T1______7_1_20,18 1:10,3204,7/1/2020 4:59:39 PM,527,10516,6.45
24,T1______7_1_20,18 1:10(1),3255,7/1/2020 5:00:49 PM,550,33,0
24,T1______7_1_20,18 1:10(2),3256,7/1/2020 5:01:30 PM,525,20601,5.49
24,T1______7_1_20,17 1:10,3206,7/1/2020 5:03:08 PM,732,14602,14.6
24,T1______7_1_20,16 1:10,3208,7/1/2020 5:04:18 PM,169,3388,0.15
24,T1______7_1_20,16,3209,7/1/2020 5:05:28 PM,724,14457,1.15
24,T1______7_1_20,15 1:10,3210,7/1/2020 5:06:38 PM,523,10432,2.9
24,T1______7_1_20,15 1:2,3259,7/1/2020 5:07:49 PM,2424,48088,36
24,T1______7_1_20,15 1:5,3260,7/1/2020 5:10:19 PM,1037,20664,15.4
24,T1______7_1_20,14 1:10,3212,7/1/2020 5:09:09 PM,534,10652,3.75
24,T1______7_1_20,14 1:10(1),3261,7/1/2020 5:11:54 PM,537,32150,5.3
24,T1______7_1_20,14 1:5,3262,7/1/2020 5:14:03 PM,1169,23297,7.8
24,T1______7_1_20,13 1:10,3214,7/1/2020 5:15:19 PM,403,8042,4.15
24,T1______7_1_20,13 1:5,3263,7/1/2020 5:16:28 PM,721,14387,8.85
24,T1______7_1_20,13,3215,,0,0,0
24,T1______7_1_20,12 1:10,3216,7/1/2020 5:17:37 PM,390,7791,1.45
24,T1______7_1_20,12,3217,,0,0,0
24,T1______7_1_20,12 1:5,3264,7/1/2020 5:18:47 PM,814,16230,6.55
24,T1______7_1_20,11 1:10,3225,7/1/2020 5:19:55 PM,220,4398,17.7
24,T1______7_1_20,11,3226,,0,0,0
24,T1______7_1_20,10 1:10,3227,7/1/2020 5:21:12 PM,287,5723,34.6
24,T1______7_1_20,10,3228,,0,0,0
24,T1______7_1_20,9 1:10,3229,7/1/2020 5:22:31 PM,565,11292,4.55
24,T1______7_1_20,9,3230,,0,0,0
24,T1______7_1_20,9 1:5,3265,7/1/2020 5:24:11 PM,1195,23821,9.9
24,T1______7_1_20,8 1:10,3231,7/1/2020 5:25:21 PM,603,12032,9.75
24,T1______7_1_20,8,3232,,0,0,0
24,T1______7_1_20,8 1:5,3266,7/1/2020 5:27:09 PM,1010,20157,16.7
24,T1______7_1_20,7 1:10,3233,7/1/2020 5:28:19 PM,226,4508,0.25
24,T1______7_1_20,7,3234,,0,0,0
24,T1______7_1_20,7 1:2,3267,7/1/2020 5:30:05 PM,738,14720,0.8
24,T1______7_1_20,6 1:10,3235,7/1/2020 5:31:23 PM,325,6499,7.65
24,T1______7_1_20,6,3236,,0,0,0
24,T1______7_1_20,6 1:5,3268,7/1/2020 5:32:34 PM,507,10126,13.4
24,T1______7_1_20,5 1:10,3237,7/1/2020 5:33:42 PM,151,3012,0.85
24,T1______7_1_20,5,3238,7/1/2020 5:35:45 PM,593,11840,0.4
24,T1______7_1_20,5 1:5,3269,7/1/2020 5:34:52 PM,156,1419,0.329
24,T1______7_1_20,5 1:10(1),3271,7/1/2020 5:41:42 PM,179,6734,0.451
24,T1______7_1_20,4 1:10,3239,7/1/2020 5:36:55 PM,378,7541,0.8
24,T1______7_1_20,4,3240,,0,0,0
24,T1______7_1_20,4 1:5,3270,7/1/2020 5:38:06 PM,586,11706,10.3
24,T1______7_1_20,3 1:10,3241,7/1/2020 5:39:16 PM,1247,24844,13.8
24,T1______7_1_20,3,3242,,0,0,0
24,T1______7_1_20,2 1:10,3243,7/1/2020 5:40:30 PM,213,4251,0.55
24,T1______7_1_20,2,3244,7/1/2020 5:43:20 PM,1226,24425,0.6
24,T1______7_1_20,1 1:10,3245,7/1/2020 5:44:30 PM,890,17752,2.65
24,T1______7_1_20,1 1:10(1),3272,7/1/2020 5:45:40 PM,954,57109,4.03
25,T2_____7_15_20,unstained_GTA,3273,7/15/2020 4:05:42 PM,1.1,22,0.05
25,T2_____7_15_20,n1,3277,7/15/2020 4:06:53 PM,961,33714,0.284
25,T2_____7_15_20,n2,3276,7/15/2020 4:08:31 PM,372,7408,0.7
25,T2_____7_15_20,n3,3275,7/15/2020 4:09:43 PM,760,15149,1.95
25,T2_____7_15_20,n4,3274,7/15/2020 4:10:58 PM,826,16465,2.6
25,T2_____7_15_20,n5,3278,7/15/2020 4:12:12 PM,247,4931,0.35
25,T2_____7_15_20,n1(1),3381,7/15/2020 4:13:21 PM,240,4935,0.292
25,T2_____7_15_20,37 1:10,3280,7/15/2020 4:14:39 PM,2140,42516,15
25,T2_____7_15_20,38 1:10,3282,7/15/2020 4:15:53 PM,222,4431,2.1
25,T2_____7_15_20,38,3283,7/15/2020 4:19:27 PM,641,12800,0.8
25,T2_____7_15_20,39 1:10,3284,7/15/2020 4:20:37 PM,368,7341,0.3
25,T2_____7_15_20,39 1:10(1),3382,7/15/2020 4:23:56 PM,376,14388,0.156
25,T2_____7_15_20,39,3285,7/15/2020 4:22:13 PM,2170,80807,2.51
25,T2_____7_15_20,40 1:10,3293,7/15/2020 4:25:38 PM,473,9448,0.4
25,T2_____7_15_20,40 1:5,3383,7/15/2020 4:26:57 PM,441,8810,0.3
25,T2_____7_15_20,40,3286,7/15/2020 4:28:06 PM,1190,23705,1.7
25,T2_____7_15_20,41 1:10,3288,7/15/2020 4:29:15 PM,2401,47692,15
25,T2_____7_15_20,41 1:20,3384,7/15/2020 4:31:44 PM,1219,24291,7.1
25,T2_____7_15_20,42 1:10,3290,7/15/2020 4:32:53 PM,342,6829,20.8
25,T2_____7_15_20,43 1:10,3292,7/15/2020 4:34:40 PM,437,8735,0.85
25,T2_____7_15_20,43 1:5,3385,7/15/2020 4:36:37 PM,1635,32538,8.9
25,T2_____7_15_20,45 1:10,3297,7/15/2020 4:38:04 PM,501,10000,10.9
25,T2_____7_15_20,46 1:10,3301,7/15/2020 4:39:36 PM,425,8491,10.7
25,T2_____7_15_20,47 1:20,3386,7/15/2020 4:42:53 PM,889,17724,7.25
25,T2_____7_15_20,47 1:10,3303,7/15/2020 4:41:14 PM,1663,33079,11.3
25,T2_____7_15_20,48 1:10,3305,7/15/2020 4:44:44 PM,736,14705,9.5
25,T2_____7_15_20,49 1:20,3387,7/15/2020 4:47:49 PM,1635,32550,6.05
25,T2_____7_15_20,49 1:10,3307,7/15/2020 4:45:54 PM,3292,65207,11.7
25,T2_____7_15_20,50  1:20,3388,7/15/2020 4:51:03 PM,1406,28033,10.3
25,T2_____7_15_20,50  1:10,3310,7/15/2020 4:49:15 PM,2880,57114,22.1
25,T2_____7_15_20,51 1:10,3313,7/15/2020 4:52:25 PM,1916,38094,3.55
25,T2_____7_15_20,51 1:20,3389,7/15/2020 4:54:40 PM,995,19851,2.05
25,T2_____7_15_20,51 1:20(1),3390,7/15/2020 4:55:55 PM,1049,56581,3.38
25,T2_____7_15_20,52 1:10,3316,7/15/2020 4:59:19 PM,3104,61576,86.2
25,T2_____7_15_20,52 1:50,3391,7/15/2020 5:01:19 PM,687,13705,18.3
25,T2_____7_15_20,53 1:10,3318,7/15/2020 4:58:09 PM,196,3925,0.2
25,T2_____7_15_20,54 1:10,3321,7/15/2020 5:02:30 PM,455,9096,2.3
25,T2_____7_15_20,54 1:5,3392,7/15/2020 5:04:19 PM,463,9247,7.25
25,T2_____7_15_20,55 1:10,3324,7/15/2020 5:05:46 PM,1790,35619,22.8
25,T2_____7_15_20,55 1:20,3393,7/15/2020 5:07:01 PM,935,18668,12.1
25,T2_____7_15_20,56 1:10,3328,7/15/2020 5:08:22 PM,249,4977,0.25
25,T2_____7_15_20,56,3325,7/15/2020 5:09:32 PM,948,18879,0.55
25,T2_____7_15_20,57 1:20,3394,7/15/2020 5:12:12 PM,930,18544,4.4
25,T2_____7_15_20,57 1:10,3332,7/15/2020 5:10:41 PM,1955,38885,9.7
25,T2_____7_15_20,58 1:10,3334,7/15/2020 5:13:21 PM,1520,30244,74.2
25,T2_____7_15_20,58 1:20,3395,7/15/2020 5:14:32 PM,790,15767,41.2
25,T2_____7_15_20,59 1:10,3336,7/15/2020 5:15:41 PM,1204,23998,11
25,T2_____7_15_20,60 1:10,3340,7/15/2020 5:17:07 PM,1394,27762,5.85
25,T2_____7_15_20,60 1:20 from 10x,3396,7/15/2020 5:18:17 PM,705,14063,4.45
25,T2_____7_15_20,60 1:20 from 1x,3397,7/15/2020 5:19:29 PM,744,14845,4.65
25,T2_____7_15_20,61 1:10,3343,7/15/2020 5:20:41 PM,1250,24915,5.65
25,T2_____7_15_20,62 1:10,3347,7/15/2020 5:22:15 PM,618,12340,36.6
25,T2_____7_15_20,63 1:10,3349,7/15/2020 5:23:25 PM,1582,31467,9.95
25,T2_____7_15_20,63 1:20,3398,7/15/2020 5:25:02 PM,758,15145,6.7
25,T2_____7_15_20,64,3351,7/15/2020 5:27:41 PM,1836,36504,15.2
25,T2_____7_15_20,64 1:10,3352,7/15/2020 5:26:23 PM,604,12065,0.5
25,T2_____7_15_20,64 1:2,3399,7/15/2020 5:28:51 PM,979,19524,6.65
25,T2_____7_15_20,65 1:10,3354,7/15/2020 5:30:01 PM,1499,29852,31
25,T2_____7_15_20,66 1:10,3356,7/15/2020 5:31:22 PM,1290,25698,8.3
25,T2_____7_15_20,66 1:10 from 1x,3400,7/15/2020 5:33:22 PM,1322,26307,9.3
25,T2_____7_15_20,67 1:10,3359,7/15/2020 5:34:31 PM,1189,23694,9.1
25,T2_____7_15_20,68 1:10,3362,7/15/2020 5:35:41 PM,979,19525,14.5
25,T2_____7_15_20,69 1:10,3364,7/15/2020 5:36:55 PM,1528,30409,10.4
25,T2_____7_15_20,69 1:10 from 1x,3401,7/15/2020 5:38:16 PM,1581,31495,11
25,T2_____7_15_20,70 1:10,3366,7/15/2020 5:39:31 PM,872,17412,13.3
25,T2_____7_15_20,71 1:10,3368,7/15/2020 5:40:44 PM,2199,43716,9.6
25,T2_____7_15_20,71 1:25 from 1x,3402,7/15/2020 5:42:19 PM,860,17173,4.8
25,T2_____7_15_20,72 1:10,3372,7/15/2020 5:43:46 PM,417,8322,2.25
25,T2_____7_15_20,72 1:5,3404,7/15/2020 5:45:16 PM,556,11099,6.1
25,T2_____7_15_20,73 1:10,3374,7/15/2020 5:46:40 PM,1342,26726,29.1
25,T2_____7_15_20,74 1:10,3377,7/15/2020 5:48:00 PM,505,10099,26.5
25,T2_____7_15_20,75 1:10,3379,7/15/2020 5:49:10 PM,1574,31325,10.3
25,T2_____7_15_20,75 1:20,3405,7/15/2020 5:50:42 PM,761,15181,4.45
26,T3_______8_5_20,unstained_GTA,3406,8/5/2020 1:43:41 PM,3.3,65,0
26,T3_______8_5_20,n1,3407,8/5/2020 1:49:42 PM,65.5,1292,0.35
26,T3_______8_5_20,n2,3408,8/5/2020 1:51:03 PM,64.9,1296,0.95
26,T3_______8_5_20,n3,3409,8/5/2020 1:52:58 PM,52.3,1037,0.2
26,T3_______8_5_20,n4,3410,8/5/2020 1:54:06 PM,66.6,1331,0.25
26,T3_______8_5_20,n5,3411,8/5/2020 1:55:42 PM,62.7,1254,0.55
26,T3_______8_5_20,76 1:10,3413,8/5/2020 2:01:19 PM,2346,46549,21.2
26,T3_______8_5_20,76 1:20,3412,8/5/2020 2:02:37 PM,1272,25331,8.9
26,T3_______8_5_20,77 1:10,3414,8/5/2020 2:03:46 PM,2298,45605,39.3
26,T3_______8_5_20,77 1:20,3415,8/5/2020 2:04:57 PM,1125,22424,20.4
26,T3_______8_5_20,78 1:10,3416,8/5/2020 2:06:47 PM,2496,49580,33
26,T3_______8_5_20,79 1:10,3419,8/5/2020 2:09:24 PM,4099,80969,40
26,T3_______8_5_20,79 1:50,3421,8/5/2020 2:11:02 PM,849,16917,8.25
26,T3_______8_5_20,80 1:10,3422,8/5/2020 2:12:10 PM,375,7487,4.4
26,T3_______8_5_20,80 1:5,3423,8/5/2020 2:13:42 PM,411,8209,13.4
26,T3_______8_5_20,80,3564,8/5/2020 2:15:01 PM,1679,33429,56.1
26,T3_______8_5_20,81 1:10,3424,8/5/2020 2:16:56 PM,5402,106390,21.1
26,T3_______8_5_20,81 1:50(1),3565,8/5/2020 2:21:28 PM,1131,22532,4.6
26,T3_______8_5_20,81 1:50,3425,8/5/2020 2:18:14 PM,1136,22641,5.1
26,T3_______8_5_20,82 1:10,3427,8/5/2020 2:19:30 PM,1527,30410,12.8
26,T3_______8_5_20,83 1:10,3428,8/5/2020 2:22:37 PM,3772,74621,15.5
26,T3_______8_5_20,unstained_GTA(1),3567,8/5/2020 2:23:45 PM,29.7,584,0.15
26,T3_______8_5_20,83 1:20,3429,8/5/2020 2:24:53 PM,1719,34181,9.4
26,T3_______8_5_20,84 1:10,3430,8/5/2020 2:26:02 PM,285,5705,0.1
26,T3_______8_5_20,84,3431,8/5/2020 2:27:09 PM,341,6804,0.8
26,T3_______8_5_20,85 1:10,3433,8/5/2020 2:28:25 PM,2196,43664,15.9
26,T3_______8_5_20,85 1:10 from OG,3432,8/5/2020 2:29:48 PM,1810,36025,13.4
26,T3_______8_5_20,87 1:10,3436,8/5/2020 2:31:10 PM,3402,67395,16.3
26,T3_______8_5_20,87 1:20,3437,8/5/2020 2:32:19 PM,1184,23600,8.1
26,T3_______8_5_20,88 1:10 from OG,3438,8/5/2020 2:35:01 PM,1891,59794,9.12
26,T3_______8_5_20,88 1:10,3439,8/5/2020 2:33:51 PM,2034,40428,8.85
26,T3_______8_5_20,89 1:10,3441,8/5/2020 2:36:34 PM,1346,26835,30.4
26,T3_______8_5_20,90 1:10,3442,8/5/2020 2:38:00 PM,471,9409,6.55
26,T3_______8_5_20,90 1:5,3443,8/5/2020 2:39:17 PM,480,9597,14.1
26,T3_______8_5_20,91 1:10,3444,8/5/2020 2:40:25 PM,5392,106160,52.3
26,T3_______8_5_20,91 1:50,3445,8/5/2020 2:41:34 PM,1093,21809,12.1
26,T3_______8_5_20,92 1:10,3446,8/5/2020 2:43:11 PM,2993,59352,38.9
26,T3_______8_5_20,92 1:20,3447,8/5/2020 2:44:19 PM,1475,29369,18.3
26,T3_______8_5_20,93 1:10,3448,8/5/2020 2:45:27 PM,235,4695,0.65
26,T3_______8_5_20,93,3449,8/5/2020 2:47:54 PM,425,8500,0.75
26,T3_______8_5_20,93(1),3568,8/5/2020 2:49:05 PM,488,17932,0.571
26,T3_______8_5_20,94 1:10,3450,8/5/2020 2:46:46 PM,3125,62021,16.3
26,T3_______8_5_20,94 1:20,3451,8/5/2020 2:50:44 PM,1370,27278,7.45
26,T3_______8_5_20,95 1:10,3452,8/5/2020 2:51:52 PM,505,10082,2.15
26,T3_______8_5_20,95 1:10 from OG,3454,8/5/2020 2:53:54 PM,375,7483,4.5
26,T3_______8_5_20,96 1:10,3453,8/5/2020 2:55:03 PM,343,6858,0.2
26,T3_______8_5_20,96 1:5,3455,8/5/2020 2:56:23 PM,149,2977,0.15
26,T3_______8_5_20,96,3569,8/5/2020 2:57:31 PM,576,11500,0.4
26,T3_______8_5_20,97 1:10,3456,8/5/2020 2:58:40 PM,515,10280,1.85
26,T3_______8_5_20,97 1:5,3459,8/5/2020 2:59:51 PM,582,11631,3.1
26,T3_______8_5_20,98 1:10,3457,8/5/2020 3:00:59 PM,2913,57762,11.9
26,T3_______8_5_20,99 1:10,3458,8/5/2020 3:02:38 PM,3739,73943,18.6
26,T3_______8_5_20,99 1:20,3480,8/5/2020 3:03:49 PM,1772,35284,10
26,T3_______8_5_20,100 1:10,3461,8/5/2020 3:05:07 PM,4068,80349,81.3
26,T3_______8_5_20,100 1:20,3462,8/5/2020 3:06:16 PM,2006,39853,44.2
26,T3_______8_5_20,102 1:10,3464,8/5/2020 3:07:55 PM,531,10605,2.35
26,T3_______8_5_20,102,3465,8/5/2020 3:09:03 PM,2912,57750,17.6
26,T3_______8_5_20,103 1:10,3466,8/5/2020 3:10:14 PM,4072,80433,21.3
26,T3_______8_5_20,103 1:20,3482,8/5/2020 3:12:19 PM,1932,38441,12.1
26,T3_______8_5_20,104 1:10,3467,8/5/2020 3:13:27 PM,190,3795,0.1
26,T3_______8_5_20,104,3483,8/5/2020 3:14:35 PM,375,7469,1.15
26,T3_______8_5_20,104(1),3570,8/5/2020 3:15:50 PM,425,18275,0.325
26,T3_______8_5_20,105 1:10,3468,8/5/2020 3:17:38 PM,3663,72423,9.85
26,T3_______8_5_20,106 1:10,3470,8/5/2020 3:26:21 PM,579,11551,2.65
26,T3_______8_5_20,106 1:5,3484,8/5/2020 3:32:23 PM,862,17206,4.7
26,T3_______8_5_20,107 1:10,3471,8/5/2020 3:27:36 PM,2774,55041,15
26,T3_______8_5_20,108 1:10,3473,8/5/2020 3:28:45 PM,2524,50124,20.1
26,T3_______8_5_20,109 1:10,3475,8/5/2020 3:30:09 PM,2678,53142,6.9
26,T3_______8_5_20,110 1:10,3476,8/5/2020 3:39:56 PM,474,9474,22.1
26,T3_______8_5_20,110 1:5,3479,8/5/2020 3:41:18 PM,542,10817,35.1
26,T3_______8_5_20,111 1:10,3477,8/5/2020 3:42:30 PM,1815,36125,13.7
27,T4_______8_12_20,unstained_GTA,3486,8/12/2020 10:36:30 AM,0,0,0
27,T4_______8_12_20,n1,3487,8/12/2020 10:37:48 AM,116,2287,0.35
27,T4_______8_12_20,n2,3488,8/12/2020 10:38:56 AM,200,3993,0.5
27,T4_______8_12_20,n3,3489,8/12/2020 10:40:19 AM,185,3692,0.35
27,T4_______8_12_20,n4,3490,8/12/2020 10:41:27 AM,166,3312,0.45
27,T4_______8_12_20,n5,3491,8/12/2020 10:42:35 AM,116,2304,0.6
27,T4_______8_12_20,86 1:10,3585,8/12/2020 10:44:13 AM,2738,54386,27.9
27,T4_______8_12_20,112 1:10,3492,8/12/2020 10:48:04 AM,2534,50326,16.7
27,T4_______8_12_20,113 1:10,3494,8/12/2020 10:49:15 AM,391,4618,2.03
27,T4_______8_12_20,113,3495,8/12/2020 10:50:11 AM,1162,23151,0.5
27,T4_______8_12_20,114 1:10,3496,8/12/2020 10:51:19 AM,188,3760,0
27,T4_______8_12_20,114,3497,8/12/2020 10:52:52 AM,317,9665,0.196
27,T4_______8_12_20,115 1:10,3498,8/12/2020 10:54:24 AM,2260,44909,20.6
27,T4_______8_12_20,116 1:10,3500,8/12/2020 10:55:32 AM,2335,46388,40.5
27,T4_______8_12_20,117 1:10,3502,8/12/2020 10:56:57 AM,525,10476,5.65
27,T4_______8_12_20,117 1:5,3503,8/12/2020 10:59:10 AM,668,13346,5.7
27,T4_______8_12_20,118 1:10,3504,8/12/2020 11:00:33 AM,2375,47178,12.3
27,T4_______8_12_20,118 1:20,3505,8/12/2020 11:01:47 AM,1100,21940,4
27,T4_______8_12_20,119 1:10,3506,8/12/2020 11:03:08 AM,2071,41148,36
27,T4_______8_12_20,120 1:10,3508,8/12/2020 11:04:17 AM,356,7113,1.25
27,T4_______8_12_20,120,3509,8/12/2020 11:06:15 AM,904,18016,40
27,T4_______8_12_20,121 1:10,3510,8/12/2020 11:07:23 AM,512,10231,2.45
27,T4_______8_12_20,121 1:2,3511,8/12/2020 11:08:31 AM,1266,25217,12
27,T4_______8_12_20,122  1:10,3512,8/12/2020 11:09:38 AM,640,12786,27.7
27,T4_______8_12_20,123 1:10,3514,8/12/2020 11:10:46 AM,2553,50640,22
27,T4_______8_12_20,124 1:10,3516,8/12/2020 11:12:22 AM,4221,83348,20.3
27,T4_______8_12_20,124 1:20,3517,8/12/2020 11:13:30 AM,2226,100167,9.83
27,T4_______8_12_20,125 1:10,3518,8/12/2020 11:15:36 AM,2523,50123,12.2
27,T4_______8_12_20,125 1:10 from OG,3519,8/12/2020 11:17:03 AM,1824,36257,2.2
27,T4_______8_12_20,126 1:10,3520,8/12/2020 11:18:12 AM,3772,74576,14.1
27,T4_______8_12_20,127 1:10,3522,8/12/2020 11:19:46 AM,3061,60615,38.2
27,T4_______8_12_20,128 1:10,3526,8/12/2020 11:22:03 AM,3902,77093,42
27,T4_______8_12_20,128 1:20,3525,8/12/2020 11:24:49 AM,1977,39330,23.7
27,T4_______8_12_20,129 1:10,3524,8/12/2020 11:20:55 AM,2331,46332,23.5
27,T4_______8_12_20,130 1:10,3528,8/12/2020 11:25:57 AM,439,8777,11.9
27,T4_______8_12_20,130 1:5,3529,8/12/2020 11:30:47 AM,557,11135,18.4
27,T4_______8_12_20,130,3587,8/12/2020 11:36:49 AM,2405,42164,61.2
27,T4_______8_12_20,131 1:10,3530,8/12/2020 11:29:38 AM,254,5076,0.3
27,T4_______8_12_20,131 1:2,3531,8/12/2020 11:31:55 AM,339,6783,0.3
27,T4_______8_12_20,131,3588,8/12/2020 11:37:57 AM,551,10996,3
27,T4_______8_12_20,132 1:10,3532,8/12/2020 11:33:03 AM,4069,80447,18.7
27,T4_______8_12_20,133 1:10,3534,8/12/2020 11:34:11 AM,3347,66287,9.5
27,T4_______8_12_20,134 1:10,3536,8/12/2020 11:39:07 AM,1775,35350,9.35
27,T4_______8_12_20,135 1:10,3538,8/12/2020 11:40:24 AM,2265,44971,11.2
27,T4_______8_12_20,135 1:10 from OG; different stai,3539,8/12/2020 11:42:31 AM,1973,39248,7.85
27,T4_______8_12_20,136 1:10,3540,8/12/2020 11:43:40 AM,479,9550,9.8
27,T4_______8_12_20,137 1:10,3542,8/12/2020 11:45:14 AM,2499,49642,45.4
27,T4_______8_12_20,138 1:10,3544,8/12/2020 11:46:37 AM,2384,47375,16.2
27,T4_______8_12_20,139 1:10,3546,8/12/2020 11:47:45 AM,3515,69586,16.6
27,T4_______8_12_20,139 1:10  from OG,3547,8/12/2020 11:49:29 AM,3088,61151,20
27,T4_______8_12_20,140 1:10,3548,8/12/2020 11:50:47 AM,2956,58585,19.2
27,T4_______8_12_20,141 1:10,3550,8/12/2020 11:51:54 AM,526,10498,9.8
27,T4_______8_12_20,141,3551,8/12/2020 11:53:20 AM,2302,45637,89.3
27,T4_______8_12_20,142 1:10,3552,8/12/2020 11:54:46 AM,483,9659,3.8
27,T4_______8_12_20,142,3553,8/12/2020 11:55:56 AM,2272,45134,20.9
27,T4_______8_12_20,143 1:10,3554,8/12/2020 11:57:04 AM,2563,50866,15.5
27,T4_______8_12_20,144 1:10,3556,8/12/2020 11:58:11 AM,524,10448,1.55
27,T4_______8_12_20,144,3557,8/12/2020 11:59:20 AM,2989,59233,23.3
27,T4_______8_12_20,145 1:10,3558,8/12/2020 12:00:31 PM,634,12669,3.2
27,T4_______8_12_20,145 1:2,3559,8/12/2020 12:01:39 PM,1726,34337,18.4
27,T4_______8_12_20,146 1:10,3560,8/12/2020 12:02:47 PM,2570,51044,14.5
27,T4_______8_12_20,147 1:10,3562,8/12/2020 12:03:55 PM,4801,94765,32.4
27,T4_______8_12_20,147,3563,8/12/2020 12:05:05 PM,2432,48220,16.3
27,T4_______8_12_20,148 1:10,3571,8/12/2020 12:06:14 PM,2747,54509,17.2
27,T4_______8_12_20,148,3572,8/12/2020 12:07:22 PM,19709,202801,82.9
27,T4_______8_12_20,unstained GTA,3589,8/12/2020 12:08:17 PM,132,2636,0.4
27,T4_______8_12_20,149 1:10,3573,8/12/2020 12:09:26 PM,328,6544,0.35
27,T4_______8_12_20,149,3574,8/12/2020 12:10:34 PM,1042,20780,0.95
